{"cameraMode":{"drawMode":0,"name":"Shaded","section":"Shading Mode"},"sceneLighting":false,"audioPlay":false,"sceneViewState":{"showFog":true,"showMaterialUpdate":false,"showSkybox":false,"showFlares":true,"showImageEffects":true,"showParticleSystems":true},"in2DMode":false,"pivot":{"x":8.772661209106446,"y":3.6492061614990236,"z":0.6248503923416138},"rotation":{"x":-0.35923776030540469,"y":0.6377914547920227,"z":-0.5187287330627441,"w":-0.44169414043426516},"size":72.9252700805664,"orthographic":false}